YEAR,n_unweighted,mean_H,mean_N,mean_H_pc,mean_H_sleep,mean_W,mean_WH,mean_WA,mean_WU,mean_BW,mean_BWH,mean_uncoded,mean_gap,mean_TRAVEL_WORK,mean_TRAVEL_WORK_BROAD,share_any_job_work,share_any_job_work_at_home,share_employed,min_diary_date,max_diary_date,pattern_share_No job work,pattern_n_No job work,pattern_share_Away only,pattern_n_Away only,pattern_share_Home only,pattern_n_Home only,pattern_share_Both home and away,pattern_n_Both home and away
2003,18269,988.167991274275,975.4030284768695,988.167991274275,947.0769902816307,202.11818727879518,12.764962797405545,189.35322448138965,0.0,206.38407089278917,14.939358581792158,8.219305419953475,2.553880208676163,15.455111040635558,17.58087890681991,0.44422335700897336,0.08452392903783958,0.655463593145753,2003-01-01,2003-12-30,0.5557766429910268,11464,0.35969942797113374,5224,0.037093859633533975,823,0.047430069404305615,758
2004,11850,988.3813295404993,974.2822953707524,988.3813295404993,948.1245243350202,203.6466509861533,14.099034169746899,189.5476168164064,0.0,206.71943473669907,15.494623157647935,7.112538457581514,3.534850299097495,16.414814319057925,17.246039520449983,0.4464048499549149,0.08437264278541168,0.6532375814005339,2004-01-01,2004-12-29,0.5535951500450852,7470,0.36203220716950335,3336,0.038005489235112225,575,0.046367153550299446,469
2005,11284,990.3002692795803,976.9756385264003,990.3002692795803,949.4076022570043,204.2730155543777,13.324630753179914,190.94838480119782,0.0,207.3609085958753,14.667012852788968,9.062083641055581,3.8391804203915614,17.18330128491305,17.687998717027295,0.4532791575912233,0.08730180180932892,0.6655790705009162,2005-01-01,2005-12-30,0.5467208424087765,7025,0.3659773557818944,3238,0.040956549097441744,568,0.04634525271188717,453
2006,11193,989.5661721732304,974.1914408221312,989.5661721732304,949.276181493055,206.67872372441278,15.374731351099122,191.30399237331366,0.0,209.87298346788143,17.07897004795309,10.974930162099461,3.7320626929349086,17.285633795009886,17.840756148889373,0.45446772823927095,0.0957745851544517,0.6602281455398298,2006-01-01,2006-12-30,0.5455322717607289,6933,0.3586931430848192,3186,0.0432774439279404,592,0.0524971412265113,482
2007,10660,987.6089259698977,971.9413890586916,987.6089259698977,947.27479477151,211.6195091260934,15.667536911206087,195.95197221488726,0.0,214.96135752152136,17.2374240074939,10.334949571461648,4.231478145881068,16.65188552658484,17.199340140613785,0.4663609890448985,0.0938252341113078,0.6689628491103278,2007-01-02,2007-12-30,0.5336390109551015,6487,0.3725357549335907,3122,0.047965630120104866,614,0.045859603991202924,437
2008,10937,996.7786655995661,981.4350367284732,996.7786655995661,955.4523410836156,206.32058111195292,15.34362887109292,190.97695224086002,0.0,210.40011528632863,17.660886663075896,10.866435707071297,3.7407171417550265,16.377319224276388,16.94216242174296,0.455082399200068,0.09351474018222623,0.6609436595289099,2008-01-01,2008-12-30,0.5449176007999321,6798,0.3615676590178417,3097,0.04675021683958914,604,0.046764523342637095,438
2009,11305,1011.0605666597439,992.467641666018,1011.0605666597439,970.6450544194277,193.98128486902252,18.592924993725816,175.38835987529671,0.0,198.83357780940412,21.418756826608657,13.21690064503003,3.8733208729367963,16.505744669876638,17.104498312306664,0.4356546647467486,0.1057712617529222,0.6333576021113955,2009-01-01,2009-12-30,0.5643453352532513,7100,0.3298834029938264,2985,0.05416755062801457,722,0.05160371112490763,498
2010,12706,1014.1459473831139,996.3983640381401,1014.1459473831139,972.1095230880073,189.87500125476924,17.747583344973545,172.1274179097957,0.0,195.04143911525568,20.734880068235075,18.356204110783246,2.873363850881166,15.903857717180298,16.652937477842396,0.4228065274420485,0.10206510225052325,0.6142189543900776,2010-01-01,2010-12-29,0.5771934725579514,8115,0.32074142519152526,3300,0.049965964280137914,743,0.05209913797038533,548
2011,12479,1012.940754662365,997.3379289965427,1012.940754662365,971.0968486781876,192.2624778429214,15.602825665822358,176.65965217709908,0.0,197.48597629339318,19.134604406732763,15.226528712150778,2.7524214029468688,16.01963709915889,16.647331949030256,0.42139848369697924,0.09127661400740024,0.6131125086781419,2011-01-01,2011-12-30,0.5786015163030208,8028,0.330121869689579,3298,0.04569409274082012,679,0.04558252126658011,474
2012,12443,1018.9117314074555,1001.3546233371408,1018.9117314074555,978.5246873043718,191.3469725825823,17.557108070314698,173.7898645122676,0.0,195.44037814085044,20.11329127536976,12.362641186334887,3.2331278892591295,16.162018125355367,16.628015044185595,0.41824294446629834,0.09772869591721804,0.6098863674846817,2012-01-02,2012-12-30,0.5817570555337017,8108,0.32051424854908034,3121,0.047472622699342736,661,0.050256073217875286,553
2013,11385,1020.1602715832568,1003.0524918354696,1020.1602715832568,978.080924427814,188.29399743692738,17.107779747787333,171.18621768914002,0.0,192.110819118496,19.413134482756167,16.381420868987107,3.945336181976632,15.41829995399658,15.732675364876567,0.41539159002117587,0.0957119752507508,0.6071212302909659,2013-01-01,2013-12-30,0.5846084099788241,7378,0.319679614770425,2890,0.04655769769086356,642,0.04915427755988723,475
2014,11592,1024.0074988171075,1005.553675905431,1024.0074988171075,982.6517358743381,195.10144768852828,18.453822911676635,176.64762477685164,0.0,199.22916788143223,20.596538053067437,12.17998124354964,4.024520151240303,16.03053948737543,16.45680157746325,0.4203898404308054,0.09727143405472419,0.6096357890903351,2014-01-01,2014-12-30,0.5796101595691944,7498,0.32311840637608125,2929,0.046362620037372064,657,0.0509088140173521,508
2015,10905,1026.7935486033089,1007.1716226824748,1026.7935486033089,985.0942388022299,191.32585195123806,19.621925920834023,171.70392603040403,0.0,195.22828730780128,21.919066153082266,10.132961078511173,4.413914665875179,15.937175965334646,16.29607536916886,0.4209813526410268,0.10213869811740663,0.6151088173080839,2015-01-01,2015-12-30,0.5790186473589731,6999,0.31884265452362015,2740,0.052994340382002306,697,0.04914435773540433,469
2016,10493,1017.2924714349159,998.9989916963478,1017.2924714349159,975.2266300429574,196.8693568496646,18.2934797385682,178.5758771110964,0.0,200.1276214244771,20.273606887532342,11.274500806695386,3.7416246367653603,16.117471814120616,16.429789607203695,0.4314301385194384,0.09769925916780794,0.6276220445411175,2016-01-01,2016-12-30,0.5685698614805617,6733,0.33373087935163037,2694,0.049502326541480186,607,0.04819693262632777,459
2017,10223,1022.9195344645292,1004.5124660901035,1022.9195344645292,981.5816627818264,193.9597690244878,18.407068374425986,175.5527006500618,0.0,197.7279195787345,20.744157919375922,10.436507670932093,4.148313448226933,16.943655323155944,17.38820510570119,0.4203781220658506,0.09824295759647947,0.623642659968439,2017-01-02,2017-12-30,0.5796218779341494,6633,0.3221351644693712,2579,0.048169292234105404,556,0.050073665362374085,455
2018,9593,1024.196266771104,1006.3851403377628,1024.196266771104,983.3346538766954,193.93870907199698,17.811126433341567,176.1275826386554,0.0,197.234621723601,19.76572689783555,12.041884065737797,4.51602135926612,16.723431242513268,16.994273075265365,0.42487395647421217,0.10110705565547473,0.6310511979204529,2018-01-01,2018-12-30,0.5751260435257879,6249,0.3237669008187375,2335,0.05276735577466098,608,0.04833969988081374,401
2019,9435,1026.6859534789817,1006.6148129599881,1026.6859534789817,985.3725343653981,195.80812883206144,20.071140518993488,175.73698831306794,0.0,200.03849390155926,23.14640397990128,13.515000015879972,4.405683686868378,16.422539350158225,16.73587172468274,0.4295605111889904,0.10280518718510635,0.6314574417315921,2019-01-01,2019-12-30,0.5704394888110094,6169,0.3267553240038841,2290,0.0538800203679529,593,0.04892516681715347,383
2020,8782,1132.1440222158021,1083.8598032462503,1132.1440222158021,1094.0475671104855,183.57367601042705,48.284218969551766,135.2894570408753,0.0,186.8864254910714,50.850612278250836,11.953212454517653,3.79870546754204,11.987746229450389,12.097830301326173,0.3993679393965767,0.148489210952871,0.6028986032442402,2020-01-01,2020-12-30,0.6006320606034233,5945,0.2508787284437057,1629,0.11053142273771728,928,0.037957788215153714,280
2021,9087,1112.3270168121894,1058.6549765617672,1112.3270168121894,1072.7303310929337,193.25761166190262,53.67204025042219,139.58557141148043,0.0,197.15032900869744,56.37403865127036,9.023665357618789,3.4083442508472452,12.548334124494607,12.79711283872308,0.4162295908167001,0.15965734336235876,0.6111080773269661,2021-01-01,2021-12-29,0.5837704091833,5995,0.2565722474543413,1746,0.11447942486430661,1021,0.04517791849805212,325
2022,8136,1091.3232778778677,1045.23747439496,1091.3232778778677,1050.7091393414703,193.58960078916,46.08580348290754,147.50379730625247,0.0,196.90171798700396,48.09308824571069,9.983216796206872,3.4471122685877256,12.835653705093474,13.153112887193476,0.4210338722236046,0.14291890026901571,0.6341907488306846,2022-01-01,2022-12-30,0.5789661277763954,5396,0.2781149719545889,1630,0.10645235690002633,847,0.036466543368989364,263
2023,8548,1089.0062163447562,1044.2768025183334,1089.0062163447562,1048.2878942611783,195.59697234307868,44.729413826422835,150.86755851665586,0.0,199.3099144295063,47.05961889093552,9.685709013432795,3.47083770075424,14.154899425545821,14.46305758105903,0.421189051045258,0.14637013950969732,0.6484765364302196,2023-01-02,2023-12-30,0.5788109489547419,5775,0.27481891153556065,1671,0.09737845649078847,792,0.04899168301890883,310
2024,7669,1084.6434454507528,1043.4518353032008,1084.6434454507528,1042.9680509866384,188.0608017361722,41.19161014755209,146.8691915886201,0.0,190.75076317201683,43.15088132095422,9.121478929471921,2.507668906559085,14.591699769090154,14.753331904727935,0.4123847995007684,0.13378650762131405,0.6322068577182409,2024-01-01,2024-12-30,0.5876152004992317,5264,0.2785982918794544,1483,0.09574880243674917,688,0.03803770518456487,234
2025,6146,1093.3551306369002,1051.3834333799396,1093.3551306369002,1052.7074167514206,181.80607053052157,41.9716972569605,139.756355941198,0.07801733236308728,185.67146676715484,44.89641478903218,13.97604849660982,3.4647019164957613,13.13376147437059,13.281850333038598,0.3959600653919043,0.13739179137278265,0.6023472569930988,2025-01-01,2025-12-30,0.6040399346080955,4252,0.25856827401912164,1150,0.09703050972295221,549,0.04036128164983046,195
