chart,model,year,estimate,standard_error,ci95_low,ci95_high,interval_method,se_hc1,se_sdr,n_unweighted,weighted_mean_outcome
Chart 2 sens.,Excluding all 05xxxx work-related activities at home,2003,0,,,,reference (0 by definition),,,18269,973.2286327
Chart 2 sens.,Excluding all 05xxxx work-related activities at home,2004,-1.320583277,3.527747182,-8.234967754,5.5938012,HC1,3.527747182,3.467988546,11850,972.8867064
Chart 2 sens.,Excluding all 05xxxx work-related activities at home,2005,5.261241486,3.637256478,-1.867781211,12.39026418,HC1,3.637256478,4.020588245,11284,975.6332564
Chart 2 sens.,Excluding all 05xxxx work-related activities at home,2006,1.317546751,3.746750859,-6.026084933,8.661178434,HC1,3.746750859,3.593941871,11193,972.4872021
Chart 2 sens.,Excluding all 05xxxx work-related activities at home,2007,2.458511536,3.834483798,-5.057076707,9.97409978,HC1,3.834483798,3.147417625,10660,970.371502
Chart 2 sens.,Excluding all 05xxxx work-related activities at home,2008,9.716178276,3.774617252,2.317928462,17.11442809,HC1,3.774617252,3.550524935,10937,979.1177789
Chart 2 sens.,Excluding all 05xxxx work-related activities at home,2009,13.46604085,3.729034134,6.157133946,20.77494775,HC1,3.729034134,3.533588035,11305,989.6418098
Chart 2 sens.,Excluding all 05xxxx work-related activities at home,2010,11.09779551,3.587210434,4.066863054,18.12872796,HC1,3.587210434,3.584419295,12706,993.4110673
Chart 2 sens.,Excluding all 05xxxx work-related activities at home,2011,9.284958512,3.626393796,2.177226673,16.39269035,HC1,3.626393796,3.607918344,12479,993.8061503
Chart 2 sens.,Excluding all 05xxxx work-related activities at home,2012,12.92721864,3.775446869,5.527342782,20.32709451,HC1,3.775446869,3.351544466,12443,998.7984401
Chart 2 sens.,Excluding all 05xxxx work-related activities at home,2013,15.35757551,3.722833403,8.060822045,22.65432898,HC1,3.722833403,3.886151217,11385,1000.747137
Chart 2 sens.,Excluding all 05xxxx work-related activities at home,2014,18.86922741,3.859865345,11.30389133,26.43456348,HC1,3.859865345,3.952231187,11592,1003.410961
Chart 2 sens.,Excluding all 05xxxx work-related activities at home,2015,22.24836723,3.861464156,14.67989749,29.81683698,HC1,3.861464156,3.863016056,10905,1004.874482
Chart 2 sens.,Excluding all 05xxxx work-related activities at home,2016,17.97442845,3.785623077,10.55460722,25.39424968,HC1,3.785623077,3.357259982,10493,997.0188645
Chart 2 sens.,Excluding all 05xxxx work-related activities at home,2017,22.20633341,4.084728997,14.20026458,30.21240224,HC1,4.084728997,4.008686387,10223,1002.175377
Chart 2 sens.,Excluding all 05xxxx work-related activities at home,2018,27.33044359,4.100700014,19.29307157,35.36781562,HC1,4.100700014,4.106109475,9593,1004.43054
Chart 2 sens.,Excluding all 05xxxx work-related activities at home,2019,26.88136035,4.035198884,18.97237054,34.79035016,HC1,4.035198884,4.102680791,9435,1003.539549
Chart 2 sens.,Excluding all 05xxxx work-related activities at home,2020,98.90031188,4.238726044,90.59240883,107.2082149,HC1,4.238726044,3.962011928,8782,1081.29341
Chart 2 sens.,Excluding all 05xxxx work-related activities at home,2021,75.76399374,4.082682705,67.76193564,83.76605185,HC1,4.082682705,3.743682016,9087,1055.952978
Chart 2 sens.,Excluding all 05xxxx work-related activities at home,2022,69.58499522,4.397287632,60.96631146,78.20367898,HC1,4.397287632,4.144315903,8136,1043.23019
Chart 2 sens.,Excluding all 05xxxx work-related activities at home,2023,73.2369472,4.235080751,64.93618892,81.53770547,HC1,4.235080751,4.143073552,8548,1041.946597
Chart 2 sens.,Excluding all 05xxxx work-related activities at home,2024,69.8375771,4.520401475,60.97759021,78.69756399,HC1,4.520401475,3.994077563,7669,1041.492564
Chart 2 sens.,Excluding all 05xxxx work-related activities at home,2025,68.92353778,4.975886977,59.17079931,78.67627626,HC1,4.975886977,4.403334931,6146,1048.458716
Chart 1 sens.,Home + sleep only (narrower home definition),2003,0,,,,reference (0 by definition),,,18269,947.0769903
Chart 1 sens.,Home + sleep only (narrower home definition),2004,-0.04409218864,3.754921375,-7.403738084,7.315553707,HC1,3.754921375,3.737579935,11850,948.1245243
Chart 1 sens.,Home + sleep only (narrower home definition),2005,4.945366265,3.863939481,-2.627955118,12.51868765,HC1,3.863939481,4.315531847,11284,949.4076023
Chart 1 sens.,Home + sleep only (narrower home definition),2006,3.698706967,4.00407767,-4.149285265,11.5466992,HC1,4.00407767,3.960175092,11193,949.2761815
Chart 1 sens.,Home + sleep only (narrower home definition),2007,4.681436457,4.086769587,-3.328631934,12.69150485,HC1,4.086769587,3.409073232,10660,947.2747948
Chart 1 sens.,Home + sleep only (narrower home definition),2008,11.13374197,4.040852896,3.213670289,19.05381364,HC1,4.040852896,3.817779599,10937,955.4523411
Chart 1 sens.,Home + sleep only (narrower home definition),2009,20.04564306,4.008067692,12.18983038,27.90145574,HC1,4.008067692,3.803827215,11305,970.6450544
Chart 1 sens.,Home + sleep only (narrower home definition),2010,15.80887513,3.868236838,8.227130926,23.39061933,HC1,3.868236838,3.778523108,12706,972.1095231
Chart 1 sens.,Home + sleep only (narrower home definition),2011,12.67765862,3.857802038,5.116366622,20.23895061,HC1,3.857802038,3.896936916,12479,971.0968487
Chart 1 sens.,Home + sleep only (narrower home definition),2012,18.94340839,4.080938463,10.94476901,26.94204778,HC1,4.080938463,3.726283668,12443,978.5246873
Chart 1 sens.,Home + sleep only (narrower home definition),2013,18.41509419,3.987404343,10.59978168,26.23040671,HC1,3.987404343,4.154463583,11385,978.0809244
Chart 1 sens.,Home + sleep only (narrower home definition),2014,24.01126561,4.073222041,16.02775041,31.99478081,HC1,4.073222041,4.228486723,11592,982.6517359
Chart 1 sens.,Home + sleep only (narrower home definition),2015,27.9541442,4.124107399,19.8708937,36.03739471,HC1,4.124107399,4.155875832,10905,985.0942388
Chart 1 sens.,Home + sleep only (narrower home definition),2016,20.9831191,4.062722426,13.02018315,28.94605506,HC1,4.062722426,3.633952271,10493,975.22663
Chart 1 sens.,Home + sleep only (narrower home definition),2017,26.22836394,4.351585568,17.69925623,34.75747166,HC1,4.351585568,4.340842383,10223,981.5816628
Chart 1 sens.,Home + sleep only (narrower home definition),2018,30.49507304,4.384055077,21.90232508,39.08782099,HC1,4.384055077,4.271610849,9593,983.3346539
Chart 1 sens.,Home + sleep only (narrower home definition),2019,32.68714911,4.32154119,24.21692838,41.15736984,HC1,4.32154119,4.098833578,9435,985.3725344
Chart 1 sens.,Home + sleep only (narrower home definition),2020,135.4487946,4.681183371,126.2736752,144.623914,HC1,4.681183371,4.270255538,8782,1094.047567
Chart 1 sens.,Home + sleep only (narrower home definition),2021,116.3026294,4.537366687,107.4093907,125.1958682,HC1,4.537366687,4.195578737,9087,1072.730331
Chart 1 sens.,Home + sleep only (narrower home definition),2022,99.95465614,4.883411704,90.3831692,109.5261431,HC1,4.883411704,4.809546284,8136,1050.709139
Chart 1 sens.,Home + sleep only (narrower home definition),2023,102.0758956,4.701516926,92.86092243,111.2908688,HC1,4.701516926,4.712727518,8548,1048.287894
Chart 1 sens.,Home + sleep only (narrower home definition),2024,93.8986856,4.966012368,84.16530136,103.6320698,HC1,4.966012368,4.614609825,7669,1042.968051
Chart 1 sens.,Home + sleep only (narrower home definition),2025,96.27749679,5.487741925,85.52152262,107.033471,HC1,5.487741925,5.021073524,6146,1052.707417
Chart 2 sens.,Home + sleep only (narrower home definition),2003,0,,,,reference (0 by definition),,,18269,934.3120275
Chart 2 sens.,Home + sleep only (narrower home definition),2004,-1.271723406,3.656361187,-8.438191332,5.89474452,HC1,3.656361187,3.627899396,11850,934.0254902
Chart 2 sens.,Home + sleep only (narrower home definition),2005,4.949305658,3.772721494,-2.44522847,12.34383979,HC1,3.772721494,4.253501982,11284,936.0829715
Chart 2 sens.,Home + sleep only (narrower home definition),2006,1.784837803,3.867649517,-5.79575525,9.365430856,HC1,3.867649517,3.805396131,11193,933.9014501
Chart 2 sens.,Home + sleep only (narrower home definition),2007,2.991186954,3.96109296,-4.772555247,10.75492916,HC1,3.96109296,3.198825152,10660,931.6072579
Chart 2 sens.,Home + sleep only (narrower home definition),2008,10.02746889,3.913497355,2.357014072,17.6979237,HC1,3.913497355,3.828169783,10937,940.1087122
Chart 2 sens.,Home + sleep only (narrower home definition),2009,14.88234432,3.867339915,7.302358087,22.46233055,HC1,3.867339915,3.614897702,11305,952.0521294
Chart 2 sens.,Home + sleep only (narrower home definition),2010,10.96411576,3.728985457,3.655304266,18.27292726,HC1,3.728985457,3.686179883,12706,954.3619397
Chart 2 sens.,Home + sleep only (narrower home definition),2011,9.862339356,3.752638724,2.507167458,17.21751125,HC1,3.752638724,3.740128786,12479,955.494023
Chart 2 sens.,Home + sleep only (narrower home definition),2012,14.06360081,3.926368597,6.367918363,21.75928326,HC1,3.926368597,3.471288682,12443,960.9675792
Chart 2 sens.,Home + sleep only (narrower home definition),2013,14.54955835,3.863907009,6.976300612,22.12281609,HC1,3.863907009,4.033113083,11385,960.9731447
Chart 2 sens.,Home + sleep only (narrower home definition),2014,18.77199228,3.976299041,10.97844616,26.5655384,HC1,3.976299041,4.125392374,11592,964.197913
Chart 2 sens.,Home + sleep only (narrower home definition),2015,22.1508311,3.989202007,14.33199516,29.96966703,HC1,3.989202007,3.955298129,10905,965.4723129
Chart 2 sens.,Home + sleep only (narrower home definition),2016,17.38601032,3.926358172,9.690348301,25.08167234,HC1,3.926358172,3.498379874,10493,956.9331503
Chart 2 sens.,Home + sleep only (narrower home definition),2017,22.71718366,4.194328301,14.49630019,30.93806713,HC1,4.194328301,4.088056257,10223,963.1745944
Chart 2 sens.,Home + sleep only (narrower home definition),2018,28.13934635,4.268810867,19.77247705,36.50621565,HC1,4.268810867,4.256660859,9593,965.5235274
Chart 2 sens.,Home + sleep only (narrower home definition),2019,28.39710503,4.186881328,20.19081763,36.60339243,HC1,4.186881328,4.166722167,9435,965.3013938
Chart 2 sens.,Home + sleep only (narrower home definition),2020,102.8229748,4.391807669,94.21503181,111.4309179,HC1,4.391807669,4.176940904,8782,1045.763348
Chart 2 sens.,Home + sleep only (narrower home definition),2021,78.58240468,4.210988796,70.32886664,86.83594272,HC1,4.210988796,3.936084709,9087,1019.058291
Chart 2 sens.,Home + sleep only (narrower home definition),2022,71.02208574,4.573407651,62.05820674,79.98596473,HC1,4.573407651,4.347738928,8136,1004.623336
Chart 2 sens.,Home + sleep only (narrower home definition),2023,75.17994046,4.421549794,66.51370287,83.84617806,HC1,4.421549794,4.440797704,8548,1003.55848
Chart 2 sens.,Home + sleep only (narrower home definition),2024,70.34893245,4.68427549,61.1677525,79.53011241,HC1,4.68427549,4.330557898,7669,1001.776441
Chart 2 sens.,Home + sleep only (narrower home definition),2025,71.06761315,5.151580423,60.97051552,81.16471078,HC1,5.151580423,4.461959239,6146,1010.735719
Chart 3 sens.,Work adjustment using broad 05xxxx work,2003,0,,,,reference (0 by definition),,,18269,988.1679913
Chart 3 sens.,Work adjustment using broad 05xxxx work,2004,-0.5844927482,2.962371804,-6.390741483,5.221755987,HC1,2.962371804,,11850,988.3813295
Chart 3 sens.,Work adjustment using broad 05xxxx work,2005,4.349386888,3.013233397,-1.55655057,10.25532435,HC1,3.013233397,,11284,990.3002693
Chart 3 sens.,Work adjustment using broad 05xxxx work,2006,2.701001138,3.101178117,-3.377307971,8.779310248,HC1,3.101178117,,11193,989.5661722
Chart 3 sens.,Work adjustment using broad 05xxxx work,2007,4.436059953,3.190855787,-1.81801739,10.6901373,HC1,3.190855787,,10660,987.608926
Chart 3 sens.,Work adjustment using broad 05xxxx work,2008,10.19439755,3.124248031,4.070871407,16.31792369,HC1,3.124248031,,10937,996.7786656
Chart 3 sens.,Work adjustment using broad 05xxxx work,2009,9.994548697,3.083130536,3.951612846,16.03748455,HC1,3.083130536,,11305,1011.060567
Chart 3 sens.,Work adjustment using broad 05xxxx work,2010,9.344945813,3.017439488,3.430764416,15.25912721,HC1,3.017439488,,12706,1014.145947
Chart 3 sens.,Work adjustment using broad 05xxxx work,2011,9.549321397,3.042538747,3.585945453,15.51269734,HC1,3.042538747,,12479,1012.940755
Chart 3 sens.,Work adjustment using broad 05xxxx work,2012,12.7174918,3.120505707,6.601300618,18.83368299,HC1,3.120505707,,12443,1018.911731
Chart 3 sens.,Work adjustment using broad 05xxxx work,2013,12.80245068,3.193072886,6.544027822,19.06087353,HC1,3.193072886,,11385,1020.160272
Chart 3 sens.,Work adjustment using broad 05xxxx work,2014,20.56485011,3.10442363,14.48017979,26.64952042,HC1,3.10442363,,11592,1024.007499
Chart 3 sens.,Work adjustment using broad 05xxxx work,2015,19.66626679,3.247250423,13.30165596,26.03087762,HC1,3.247250423,,10905,1026.793549
Chart 3 sens.,Work adjustment using broad 05xxxx work,2016,17.04477283,3.145443357,10.87970385,23.20984181,HC1,3.145443357,,10493,1017.292471
Chart 3 sens.,Work adjustment using broad 05xxxx work,2017,20.10284738,3.340600914,13.55526959,26.65042518,HC1,3.340600914,,10223,1022.919534
Chart 3 sens.,Work adjustment using broad 05xxxx work,2018,22.61870272,3.407902587,15.93921365,29.29819179,HC1,3.407902587,,9593,1024.196267
Chart 3 sens.,Work adjustment using broad 05xxxx work,2019,24.05536684,3.377530948,17.43540619,30.6753275,HC1,3.377530948,,9435,1026.685953
Chart 3 sens.,Work adjustment using broad 05xxxx work,2020,88.11379546,3.384706964,81.47976981,94.74782111,HC1,3.384706964,,8782,1132.144022
Chart 3 sens.,Work adjustment using broad 05xxxx work,2021,70.20169505,3.32357414,63.68748974,76.71590037,HC1,3.32357414,,9087,1112.327017
Chart 3 sens.,Work adjustment using broad 05xxxx work,2022,60.0621625,3.578951407,53.04741774,67.07690725,HC1,3.578951407,,8136,1091.323278
Chart 3 sens.,Work adjustment using broad 05xxxx work,2023,62.94252329,3.393605317,56.29105686,69.59398971,HC1,3.393605317,,8548,1089.006216
Chart 3 sens.,Work adjustment using broad 05xxxx work,2024,56.44322196,3.653902169,49.28157371,63.60487021,HC1,3.653902169,,7669,1084.643445
Chart 3 sens.,Work adjustment using broad 05xxxx work,2025,57.94562331,4.162067081,49.78797183,66.10327479,HC1,4.162067081,,6146,1093.355131
Chart 3 sens.,Home + sleep only (narrower home definition),2003,0,,,,reference (0 by definition),,,18269,947.0769903
Chart 3 sens.,Home + sleep only (narrower home definition),2004,0.02295716778,3.089132467,-6.031742468,6.077656804,HC1,3.089132467,,11850,948.1245243
Chart 3 sens.,Home + sleep only (narrower home definition),2005,4.619007045,3.158958658,-1.572551925,10.81056602,HC1,3.158958658,,11284,949.4076023
Chart 3 sens.,Home + sleep only (narrower home definition),2006,3.832354163,3.228915188,-2.496319606,10.16102793,HC1,3.228915188,,11193,949.2761815
Chart 3 sens.,Home + sleep only (narrower home definition),2007,5.638570271,3.303745739,-0.836771377,12.11391192,HC1,3.303745739,,10660,947.2747948
Chart 3 sens.,Home + sleep only (narrower home definition),2008,10.74528647,3.269837574,4.336404823,17.15416811,HC1,3.269837574,,10937,955.4523411
Chart 3 sens.,Home + sleep only (narrower home definition),2009,10.99588707,3.225128656,4.674634904,17.31713923,HC1,3.225128656,,11305,970.6450544
Chart 3 sens.,Home + sleep only (narrower home definition),2010,8.660089427,3.16024019,2.466018655,14.8541602,HC1,3.16024019,,12706,972.1095231
Chart 3 sens.,Home + sleep only (narrower home definition),2011,9.795348139,3.167402027,3.587240166,16.00345611,HC1,3.167402027,,12479,971.0968487
Chart 3 sens.,Home + sleep only (narrower home definition),2012,13.93974548,3.279603598,7.511722425,20.36776853,HC1,3.279603598,,12443,978.5246873
Chart 3 sens.,Home + sleep only (narrower home definition),2013,12.58881982,3.327979492,6.065980013,19.11165962,HC1,3.327979492,,11385,978.0809244
Chart 3 sens.,Home + sleep only (narrower home definition),2014,20.76208807,3.220762475,14.44939362,27.07478252,HC1,3.220762475,,11592,982.6517359
Chart 3 sens.,Home + sleep only (narrower home definition),2015,19.9120779,3.37499751,13.29708278,26.52707302,HC1,3.37499751,,10905,985.0942388
Chart 3 sens.,Home + sleep only (narrower home definition),2016,17.12554063,3.288601843,10.67988102,23.57120024,HC1,3.288601843,,10493,975.22663
Chart 3 sens.,Home + sleep only (narrower home definition),2017,20.97058102,3.473595007,14.1623348,27.77882723,HC1,3.473595007,,10223,981.5816628
Chart 3 sens.,Home + sleep only (narrower home definition),2018,24.07171692,3.559684711,17.09473488,31.04869895,HC1,3.559684711,,9593,983.3346539
Chart 3 sens.,Home + sleep only (narrower home definition),2019,25.61481928,3.530798738,18.69445375,32.53518481,HC1,3.530798738,,9435,985.3725344
Chart 3 sens.,Home + sleep only (narrower home definition),2020,92.02177538,3.5216949,85.11925338,98.92429739,HC1,3.5216949,,8782,1094.047567
Chart 3 sens.,Home + sleep only (narrower home definition),2021,72.26971493,3.478167611,65.45250641,79.08692345,HC1,3.478167611,,9087,1072.730331
Chart 3 sens.,Home + sleep only (narrower home definition),2022,61.24224075,3.758551921,53.87547898,68.60900251,HC1,3.758551921,,8136,1050.709139
Chart 3 sens.,Home + sleep only (narrower home definition),2023,64.40208876,3.599240644,57.3475771,71.45660043,HC1,3.599240644,,8548,1048.287894
Chart 3 sens.,Home + sleep only (narrower home definition),2024,57.27255027,3.800859145,49.82286634,64.72223419,HC1,3.800859145,,7669,1042.968051
Chart 3 sens.,Home + sleep only (narrower home definition),2025,59.81165522,4.331351201,51.32220687,68.30110358,HC1,4.331351201,,6146,1052.707417
Chart 1 sens.,Excluding 2020,2003,0,,,,reference (0 by definition),,,18269,988.1679913
Chart 1 sens.,Excluding 2020,2004,-0.9139220017,3.624832883,-8.018594453,6.190750449,HC1,3.624832883,,11850,988.3813295
Chart 1 sens.,Excluding 2020,2005,4.465674236,3.726138248,-2.837556731,11.7689052,HC1,3.726138248,,11284,990.3002693
Chart 1 sens.,Excluding 2020,2006,2.794623045,3.8848458,-4.819674724,10.40892081,HC1,3.8848458,,11193,989.5661722
Chart 1 sens.,Excluding 2020,2007,3.599172621,3.955773149,-4.154142751,11.35248799,HC1,3.955773149,,10660,987.608926
Chart 1 sens.,Excluding 2020,2008,11.13375269,3.908701308,3.472698131,18.79480726,HC1,3.908701308,,10937,996.7786656
Chart 1 sens.,Excluding 2020,2009,19.24854786,3.873464114,11.6565582,26.84053752,HC1,3.873464114,,11305,1011.060567
Chart 1 sens.,Excluding 2020,2010,16.7663224,3.725213272,9.464904388,24.06774041,HC1,3.725213272,,12706,1014.145947
Chart 1 sens.,Excluding 2020,2011,13.31086207,3.736283687,5.987746039,20.63397809,HC1,3.736283687,,12479,1012.940755
Chart 1 sens.,Excluding 2020,2012,18.0203335,3.941239283,10.2955045,25.74516249,HC1,3.941239283,,12443,1018.911731
Chart 1 sens.,Excluding 2020,2013,19.22845017,3.846829174,11.68866499,26.76823535,HC1,3.846829174,,11385,1020.160272
Chart 1 sens.,Excluding 2020,2014,24.02220274,3.961048068,16.25854852,31.78585695,HC1,3.961048068,,11592,1024.007499
Chart 1 sens.,Excluding 2020,2015,28.21296972,3.996507452,20.37981511,36.04612432,HC1,3.996507452,,10905,1026.793549
Chart 1 sens.,Excluding 2020,2016,21.40697437,3.934449949,13.69545247,29.11849627,HC1,3.934449949,,10493,1017.292471
Chart 1 sens.,Excluding 2020,2017,26.00827832,4.237828412,17.70213463,34.314422,HC1,4.237828412,,10223,1022.919534
Chart 1 sens.,Excluding 2020,2018,29.59651752,4.225669645,21.31420502,37.87883003,HC1,4.225669645,,9593,1024.196267
Chart 1 sens.,Excluding 2020,2019,32.27019527,4.188139133,24.06144257,40.47894797,HC1,4.188139133,,9435,1026.685953
Chart 1 sens.,Excluding 2020,2021,114.1646153,4.393163586,105.5540146,122.7752159,HC1,4.393163586,,9087,1112.327017
Chart 1 sens.,Excluding 2020,2022,98.68066684,4.708676547,89.45166081,107.9096729,HC1,4.708676547,,8136,1091.323278
Chart 1 sens.,Excluding 2020,2023,100.7499717,4.525364786,91.88025677,109.6196867,HC1,4.525364786,,8548,1089.006216
Chart 1 sens.,Excluding 2020,2024,93.57462162,4.813732628,84.13970566,103.0095376,HC1,4.813732628,,7669,1084.643445
Chart 1 sens.,Excluding 2020,2025,95.25656597,5.322343984,84.82477176,105.6883602,HC1,5.322343984,,6146,1093.355131
Chart 2 sens.,Excluding 2020,2003,0,,,,reference (0 by definition),,,18269,975.4030285
Chart 2 sens.,Excluding 2020,2004,-2.147002427,3.531006829,-9.067775812,4.773770957,HC1,3.531006829,,11850,974.2822954
Chart 2 sens.,Excluding 2020,2005,4.458881787,3.641622463,-2.678698241,11.59646182,HC1,3.641622463,,11284,976.9756385
Chart 2 sens.,Excluding 2020,2006,0.8659230831,3.751573494,-6.487160964,8.219007131,HC1,3.751573494,,11193,974.1914408
Chart 2 sens.,Excluding 2020,2007,1.865559353,3.83644864,-5.653879982,9.384998687,HC1,3.83644864,,10660,971.9413891
Chart 2 sens.,Excluding 2020,2008,9.960764207,3.783356535,2.545385399,17.37614302,HC1,3.783356535,,10937,981.4350367
Chart 2 sens.,Excluding 2020,2009,14.05628741,3.737459684,6.730866426,21.38170839,HC1,3.737459684,,11305,992.4676417
Chart 2 sens.,Excluding 2020,2010,11.87508583,3.592551482,4.833684931,18.91648674,HC1,3.592551482,,12706,996.398364
Chart 2 sens.,Excluding 2020,2011,10.50317801,3.637242651,3.37418241,17.6321736,HC1,3.637242651,,12479,997.337929
Chart 2 sens.,Excluding 2020,2012,13.15124397,3.789111359,5.724585708,20.57790224,HC1,3.789111359,,12443,1001.354623
Chart 2 sens.,Excluding 2020,2013,15.36910891,3.728840704,8.06058113,22.67763669,HC1,3.728840704,,11385,1003.052492
Chart 2 sens.,Excluding 2020,2014,18.76398973,3.864795769,11.18899003,26.33898944,HC1,3.864795769,,11592,1005.553676
Chart 2 sens.,Excluding 2020,2015,22.35805878,3.865291559,14.78208732,29.93403024,HC1,3.865291559,,10905,1007.171623
Chart 2 sens.,Excluding 2020,2016,17.74280903,3.807244114,10.28061057,25.2050075,HC1,3.807244114,,10493,998.9989917
Chart 2 sens.,Excluding 2020,2017,22.39039824,4.09193539,14.37020488,30.41059161,HC1,4.09193539,,10223,1004.512466
Chart 2 sens.,Excluding 2020,2018,27.11415082,4.114802689,19.04913755,35.17916409,HC1,4.114802689,,9593,1006.38514
Chart 2 sens.,Excluding 2020,2019,27.84644394,4.060032445,19.88878035,35.80410754,HC1,4.060032445,,9435,1006.614813
Chart 2 sens.,Excluding 2020,2021,76.28509965,4.076542487,68.29507638,84.27512293,HC1,4.076542487,,9087,1058.654977
Chart 2 sens.,Excluding 2020,2022,69.53841852,4.410346865,60.89413866,78.18269837,HC1,4.410346865,,8136,1045.237474
Chart 2 sens.,Excluding 2020,2023,73.59409122,4.24822197,65.26757616,81.92060628,HC1,4.24822197,,8548,1044.276803
Chart 2 sens.,Excluding 2020,2024,69.77920646,4.546194712,60.86866482,78.68974809,HC1,4.546194712,,7669,1043.451835
Chart 2 sens.,Excluding 2020,2025,69.88781914,4.990790919,60.10586894,79.66976934,HC1,4.990790919,,6146,1051.383433
Chart 3 sens.,Excluding 2020,2003,0,,,,reference (0 by definition),,,18269,988.1679913
Chart 3 sens.,Excluding 2020,2004,-0.9442310535,2.976199078,-6.777581246,4.889119139,HC1,2.976199078,,11850,988.3813295
Chart 3 sens.,Excluding 2020,2005,4.036382956,3.022667488,-1.88804532,9.960811233,HC1,3.022667488,,11284,990.3002693
Chart 3 sens.,Excluding 2020,2006,2.871366705,3.118209391,-3.240323701,8.983057112,HC1,3.118209391,,11193,989.5661722
Chart 3 sens.,Excluding 2020,2007,4.354374795,3.193671794,-1.905221922,10.61397151,HC1,3.193671794,,10660,987.608926
Chart 3 sens.,Excluding 2020,2008,10.65772391,3.141911221,4.499577922,16.81586991,HC1,3.141911221,,10937,996.7786656
Chart 3 sens.,Excluding 2020,2009,10.33388056,3.109460627,4.239337735,16.42842339,HC1,3.109460627,,11305,1011.060567
Chart 3 sens.,Excluding 2020,2010,9.73206914,3.033385673,3.786633221,15.67750506,HC1,3.033385673,,12706,1014.145947
Chart 3 sens.,Excluding 2020,2011,10.45653515,3.058687536,4.461507575,16.45156272,HC1,3.058687536,,12479,1012.940755
Chart 3 sens.,Excluding 2020,2012,13.17507986,3.144556486,7.01174915,19.33841058,HC1,3.144556486,,12443,1018.911731
Chart 3 sens.,Excluding 2020,2013,13.4674859,3.201489834,7.192565822,19.74240597,HC1,3.201489834,,11385,1020.160272
Chart 3 sens.,Excluding 2020,2014,20.80367881,3.119504215,14.68945055,26.91790708,HC1,3.119504215,,11592,1024.007499
Chart 3 sens.,Excluding 2020,2015,20.29804679,3.268141378,13.89248969,26.70360389,HC1,3.268141378,,10905,1026.793549
Chart 3 sens.,Excluding 2020,2016,17.56000848,3.171772321,11.34333473,23.77668222,HC1,3.171772321,,10493,1017.292471
Chart 3 sens.,Excluding 2020,2017,20.78580648,3.36224496,14.19580636,27.3758066,HC1,3.36224496,,10223,1022.919534
Chart 3 sens.,Excluding 2020,2018,23.2443004,3.414878952,16.55113766,29.93746315,HC1,3.414878952,,9593,1024.196267
Chart 3 sens.,Excluding 2020,2019,25.22307903,3.40858817,18.54224622,31.90391185,HC1,3.40858817,,9435,1026.685953
Chart 3 sens.,Excluding 2020,2021,71.26122276,3.349604485,64.69599797,77.82644755,HC1,3.349604485,,9087,1112.327017
Chart 3 sens.,Excluding 2020,2022,60.89423499,3.602693309,53.83295611,67.95551388,HC1,3.602693309,,8136,1091.323278
Chart 3 sens.,Excluding 2020,2023,63.93478577,3.432046989,57.20797367,70.66159787,HC1,3.432046989,,8548,1089.006216
Chart 3 sens.,Excluding 2020,2024,57.8257122,3.683305819,50.60643279,65.0449916,HC1,3.683305819,,7669,1084.643445
Chart 3 sens.,Excluding 2020,2025,59.70850369,4.186479583,51.5030037,67.91400367,HC1,4.186479583,,6146,1093.355131
Chart 1 sens.,"Restricted period: diary dates outside the 2020/2025 gaps, all years",2003,0,,,,reference (0 by definition),,,13809,990.8204825
Chart 1 sens.,"Restricted period: diary dates outside the 2020/2025 gaps, all years",2004,-1.021269515,4.247589619,-9.346545167,7.304006138,HC1,4.247589619,,8975,990.9209143
Chart 1 sens.,"Restricted period: diary dates outside the 2020/2025 gaps, all years",2005,5.784740156,4.390451644,-2.820545066,14.39002538,HC1,4.390451644,,8090,992.8611539
Chart 1 sens.,"Restricted period: diary dates outside the 2020/2025 gaps, all years",2006,1.95202188,4.608688392,-7.081007369,10.98505113,HC1,4.608688392,,8048,989.9487259
Chart 1 sens.,"Restricted period: diary dates outside the 2020/2025 gaps, all years",2007,6.004619907,4.650480521,-3.110321914,15.11956173,HC1,4.650480521,,7637,992.168624
Chart 1 sens.,"Restricted period: diary dates outside the 2020/2025 gaps, all years",2008,11.07323968,4.481518277,2.28946386,19.85701551,HC1,4.481518277,,8319,999.6464317
Chart 1 sens.,"Restricted period: diary dates outside the 2020/2025 gaps, all years",2009,21.92076768,4.539371933,13.02359869,30.81793666,HC1,4.539371933,,8320,1017.879512
Chart 1 sens.,"Restricted period: diary dates outside the 2020/2025 gaps, all years",2010,18.29460993,4.403760572,9.663239212,26.92598066,HC1,4.403760572,,9220,1017.686399
Chart 1 sens.,"Restricted period: diary dates outside the 2020/2025 gaps, all years",2011,13.26521195,4.433083168,4.576368942,21.95405496,HC1,4.433083168,,8980,1012.541424
Chart 1 sens.,"Restricted period: diary dates outside the 2020/2025 gaps, all years",2012,17.54967681,4.693997946,8.34944084,26.74991279,HC1,4.693997946,,9009,1019.181329
Chart 1 sens.,"Restricted period: diary dates outside the 2020/2025 gaps, all years",2013,21.79241078,4.451306913,13.06784923,30.51697233,HC1,4.451306913,,8511,1025.597474
Chart 1 sens.,"Restricted period: diary dates outside the 2020/2025 gaps, all years",2014,27.41967385,4.548813994,18.50399842,36.33534928,HC1,4.548813994,,8764,1032.145055
Chart 1 sens.,"Restricted period: diary dates outside the 2020/2025 gaps, all years",2015,25.88595079,4.591158396,16.88728033,34.88462124,HC1,4.591158396,,8089,1028.457378
Chart 1 sens.,"Restricted period: diary dates outside the 2020/2025 gaps, all years",2016,18.89348213,4.571421739,9.933495526,27.85346874,HC1,4.571421739,,7745,1018.009802
Chart 1 sens.,"Restricted period: diary dates outside the 2020/2025 gaps, all years",2017,22.30850094,5.069654962,12.37197721,32.24502466,HC1,5.069654962,,7321,1021.044038
Chart 1 sens.,"Restricted period: diary dates outside the 2020/2025 gaps, all years",2018,30.75367145,4.999201564,20.95523639,40.55210652,HC1,4.999201564,,6957,1027.96688
Chart 1 sens.,"Restricted period: diary dates outside the 2020/2025 gaps, all years",2019,33.98951321,4.934869439,24.31716911,43.66185731,HC1,4.934869439,,6971,1033.44995
Chart 1 sens.,"Restricted period: diary dates outside the 2020/2025 gaps, all years",2020,128.5797261,4.920743482,118.9350689,138.2243833,HC1,4.920743482,,7591,1129.529495
Chart 1 sens.,"Restricted period: diary dates outside the 2020/2025 gaps, all years",2021,113.1470319,5.088410688,103.1737469,123.1203168,HC1,5.088410688,,6710,1113.178016
Chart 1 sens.,"Restricted period: diary dates outside the 2020/2025 gaps, all years",2022,101.9327985,5.552838907,91.04923427,112.8163628,HC1,5.552838907,,5820,1098.466377
Chart 1 sens.,"Restricted period: diary dates outside the 2020/2025 gaps, all years",2023,98.50816638,5.354251514,88.01383341,109.0024993,HC1,5.354251514,,6098,1087.618381
Chart 1 sens.,"Restricted period: diary dates outside the 2020/2025 gaps, all years",2024,97.74134091,5.501514437,86.95837261,108.5243092,HC1,5.501514437,,5609,1092.09841
Chart 1 sens.,"Restricted period: diary dates outside the 2020/2025 gaps, all years",2025,96.35627001,5.937096655,84.71956057,107.9929795,HC1,5.937096655,,5107,1098.510179
Chart 2 sens.,"Restricted period: diary dates outside the 2020/2025 gaps, all years",2003,0,,,,reference (0 by definition),,,13809,978.0476011
Chart 2 sens.,"Restricted period: diary dates outside the 2020/2025 gaps, all years",2004,-1.855203064,4.138987564,-9.967618689,6.25721256,HC1,4.138987564,,8975,977.01162
Chart 2 sens.,"Restricted period: diary dates outside the 2020/2025 gaps, all years",2005,5.686185569,4.283284459,-2.709051971,14.08142311,HC1,4.283284459,,8090,979.2325851
Chart 2 sens.,"Restricted period: diary dates outside the 2020/2025 gaps, all years",2006,0.701465147,4.472149418,-8.063947712,9.466878006,HC1,4.472149418,,8048,974.9813802
Chart 2 sens.,"Restricted period: diary dates outside the 2020/2025 gaps, all years",2007,4.865730071,4.508082134,-3.970110911,13.70157105,HC1,4.508082134,,7637,977.0610759
Chart 2 sens.,"Restricted period: diary dates outside the 2020/2025 gaps, all years",2008,10.18293957,4.320564215,1.714633713,18.65124544,HC1,4.320564215,,8319,984.290106
Chart 2 sens.,"Restricted period: diary dates outside the 2020/2025 gaps, all years",2009,17.6459248,4.408478778,9.005306391,26.2865432,HC1,4.408478778,,8320,999.9761434
Chart 2 sens.,"Restricted period: diary dates outside the 2020/2025 gaps, all years",2010,13.27431914,4.24888365,4.946507182,21.60213109,HC1,4.24888365,,9220,999.6315681
Chart 2 sens.,"Restricted period: diary dates outside the 2020/2025 gaps, all years",2011,10.9947891,4.313978161,2.539391904,19.45018629,HC1,4.313978161,,8980,996.989658
Chart 2 sens.,"Restricted period: diary dates outside the 2020/2025 gaps, all years",2012,12.73693593,4.510820905,3.89572696,21.57814491,HC1,4.510820905,,9009,1001.638772
Chart 2 sens.,"Restricted period: diary dates outside the 2020/2025 gaps, all years",2013,17.57210763,4.327849024,9.089523548,26.05469172,HC1,4.327849024,,8511,1008.334857
Chart 2 sens.,"Restricted period: diary dates outside the 2020/2025 gaps, all years",2014,21.4930316,4.458092587,12.75517013,30.23089307,HC1,4.458092587,,8764,1013.325643
Chart 2 sens.,"Restricted period: diary dates outside the 2020/2025 gaps, all years",2015,21.03862676,4.454679653,12.30745464,29.76979888,HC1,4.454679653,,8089,1009.781321
Chart 2 sens.,"Restricted period: diary dates outside the 2020/2025 gaps, all years",2016,15.84287929,4.425686149,7.168534438,24.51722414,HC1,4.425686149,,7745,1000.006706
Chart 2 sens.,"Restricted period: diary dates outside the 2020/2025 gaps, all years",2017,19.49808532,4.902413563,9.889354735,29.1068159,HC1,4.902413563,,7321,1003.026749
Chart 2 sens.,"Restricted period: diary dates outside the 2020/2025 gaps, all years",2018,29.17175538,4.880601719,19.60577601,38.73773475,HC1,4.880601719,,6957,1010.866597
Chart 2 sens.,"Restricted period: diary dates outside the 2020/2025 gaps, all years",2019,29.27462117,4.786606415,19.89287259,38.65636974,HC1,4.786606415,,6971,1013.150337
Chart 2 sens.,"Restricted period: diary dates outside the 2020/2025 gaps, all years",2020,97.97264454,4.612227283,88.93267906,107.01261,HC1,4.612227283,,7591,1082.769026
Chart 2 sens.,"Restricted period: diary dates outside the 2020/2025 gaps, all years",2021,77.82669557,4.742222347,68.53193977,87.12145137,HC1,4.742222347,,6710,1061.690388
Chart 2 sens.,"Restricted period: diary dates outside the 2020/2025 gaps, all years",2022,72.56144817,5.217624538,62.33490408,82.78799227,HC1,5.217624538,,5820,1051.854448
Chart 2 sens.,"Restricted period: diary dates outside the 2020/2025 gaps, all years",2023,72.64996088,5.019739383,62.81127169,82.48865007,HC1,5.019739383,,6098,1043.389909
Chart 2 sens.,"Restricted period: diary dates outside the 2020/2025 gaps, all years",2024,74.28505342,5.18549119,64.12149069,84.44861615,HC1,5.18549119,,5609,1050.862006
Chart 2 sens.,"Restricted period: diary dates outside the 2020/2025 gaps, all years",2025,71.65318421,5.643853968,60.59123043,82.71513798,HC1,5.643853968,,5107,1057.253805
Chart 3 sens.,"Restricted period: diary dates outside the 2020/2025 gaps, all years",2003,0,,,,reference (0 by definition),,,13809,990.8204825
Chart 3 sens.,"Restricted period: diary dates outside the 2020/2025 gaps, all years",2004,-0.9928067878,3.454838702,-7.764290643,5.778677068,HC1,3.454838702,,8975,990.9209143
Chart 3 sens.,"Restricted period: diary dates outside the 2020/2025 gaps, all years",2005,5.328755475,3.557603027,-1.644146458,12.30165741,HC1,3.557603027,,8090,992.8611539
Chart 3 sens.,"Restricted period: diary dates outside the 2020/2025 gaps, all years",2006,3.52282378,3.686900065,-3.703500347,10.74914791,HC1,3.686900065,,8048,989.9487259
Chart 3 sens.,"Restricted period: diary dates outside the 2020/2025 gaps, all years",2007,6.773203522,3.787806944,-0.6508980894,14.19730513,HC1,3.787806944,,7637,992.168624
Chart 3 sens.,"Restricted period: diary dates outside the 2020/2025 gaps, all years",2008,11.63757241,3.63170404,4.519432492,18.75571233,HC1,3.63170404,,8319,999.6464317
Chart 3 sens.,"Restricted period: diary dates outside the 2020/2025 gaps, all years",2009,12.5358982,3.649020686,5.383817656,19.68797875,HC1,3.649020686,,8320,1017.879512
Chart 3 sens.,"Restricted period: diary dates outside the 2020/2025 gaps, all years",2010,11.72063835,3.566469248,4.730358619,18.71091807,HC1,3.566469248,,9220,1017.686399
Chart 3 sens.,"Restricted period: diary dates outside the 2020/2025 gaps, all years",2011,11.67408828,3.602143992,4.613886056,18.7342905,HC1,3.602143992,,8980,1012.541424
Chart 3 sens.,"Restricted period: diary dates outside the 2020/2025 gaps, all years",2012,12.7380745,3.724111469,5.43881602,20.03733298,HC1,3.724111469,,9009,1019.181329
Chart 3 sens.,"Restricted period: diary dates outside the 2020/2025 gaps, all years",2013,15.68321939,3.660432079,8.508772519,22.85766627,HC1,3.660432079,,8511,1025.597474
Chart 3 sens.,"Restricted period: diary dates outside the 2020/2025 gaps, all years",2014,23.55242956,3.598924391,16.49853775,30.60632137,HC1,3.598924391,,8764,1032.145055
Chart 3 sens.,"Restricted period: diary dates outside the 2020/2025 gaps, all years",2015,19.02052852,3.870991975,11.43338425,26.60767279,HC1,3.870991975,,8089,1028.457378
Chart 3 sens.,"Restricted period: diary dates outside the 2020/2025 gaps, all years",2016,13.97086464,3.683579772,6.751048284,21.19068099,HC1,3.683579772,,7745,1018.009802
Chart 3 sens.,"Restricted period: diary dates outside the 2020/2025 gaps, all years",2017,19.68174539,4.034134881,11.77484103,27.58864976,HC1,4.034134881,,7321,1021.044038
Chart 3 sens.,"Restricted period: diary dates outside the 2020/2025 gaps, all years",2018,23.81496492,4.052169646,15.87271241,31.75721743,HC1,4.052169646,,6957,1027.96688
Chart 3 sens.,"Restricted period: diary dates outside the 2020/2025 gaps, all years",2019,27.73882961,4.017964619,19.86361896,35.61404027,HC1,4.017964619,,6971,1033.44995
Chart 3 sens.,"Restricted period: diary dates outside the 2020/2025 gaps, all years",2020,88.66007953,3.738757361,81.33211511,95.98804396,HC1,3.738757361,,7591,1129.529495
Chart 3 sens.,"Restricted period: diary dates outside the 2020/2025 gaps, all years",2021,72.49312119,3.890354228,64.8680269,80.11821547,HC1,3.890354228,,6710,1113.178016
Chart 3 sens.,"Restricted period: diary dates outside the 2020/2025 gaps, all years",2022,65.09250519,4.22342135,56.81459934,73.37041104,HC1,4.22342135,,5820,1098.466377
Chart 3 sens.,"Restricted period: diary dates outside the 2020/2025 gaps, all years",2023,62.37193388,4.047183973,54.43945329,70.30441446,HC1,4.047183973,,6098,1087.618381
Chart 3 sens.,"Restricted period: diary dates outside the 2020/2025 gaps, all years",2024,61.25802992,4.185521491,53.0544078,69.46165204,HC1,4.185521491,,5609,1092.09841
Chart 3 sens.,"Restricted period: diary dates outside the 2020/2025 gaps, all years",2025,62.27251054,4.732344688,52.99711496,71.54790613,HC1,4.732344688,,5107,1098.510179
Chart 1 sens.,Complete work-location sample,2003,0,,,,reference (0 by definition),,,18269,988.1679913
Chart 1 sens.,Complete work-location sample,2004,-0.898525787,3.626560131,-8.006583643,6.209532069,HC1,3.626560131,,11850,988.3813295
Chart 1 sens.,Complete work-location sample,2005,4.460489332,3.727317224,-2.845052427,11.76603109,HC1,3.727317224,,11284,990.3002693
Chart 1 sens.,Complete work-location sample,2006,2.768087,3.886831766,-4.850103261,10.38627726,HC1,3.886831766,,11193,989.5661722
Chart 1 sens.,Complete work-location sample,2007,3.557753411,3.956734768,-4.197446735,11.31295356,HC1,3.956734768,,10660,987.608926
Chart 1 sens.,Complete work-location sample,2008,10.98047611,3.909365461,3.318119803,18.64283241,HC1,3.909365461,,10937,996.7786656
Chart 1 sens.,Complete work-location sample,2009,19.12373528,3.874307286,11.530093,26.71737756,HC1,3.874307286,,11305,1011.060567
Chart 1 sens.,Complete work-location sample,2010,16.53147711,3.725770176,9.22896757,23.83398666,HC1,3.725770176,,12706,1014.145947
Chart 1 sens.,Complete work-location sample,2011,13.22633758,3.736926126,5.901962377,20.55071279,HC1,3.736926126,,12479,1012.940755
Chart 1 sens.,Complete work-location sample,2012,17.95619339,3.940289977,10.23322504,25.67916175,HC1,3.940289977,,12443,1018.911731
Chart 1 sens.,Complete work-location sample,2013,19.12904408,3.849386357,11.58424682,26.67384133,HC1,3.849386357,,11385,1020.160272
Chart 1 sens.,Complete work-location sample,2014,23.88608476,3.961825627,16.12090653,31.65126299,HC1,3.961825627,,11592,1024.007499
Chart 1 sens.,Complete work-location sample,2015,28.0274658,3.995598282,20.19609316,35.85883843,HC1,3.995598282,,10905,1026.793549
Chart 1 sens.,Complete work-location sample,2016,21.26463872,3.934174357,13.55365698,28.97562046,HC1,3.934174357,,10493,1017.292471
Chart 1 sens.,Complete work-location sample,2017,25.75683651,4.234034939,17.45812803,34.05554499,HC1,4.234034939,,10223,1022.919534
Chart 1 sens.,Complete work-location sample,2018,29.34626472,4.224862153,21.0655349,37.62699454,HC1,4.224862153,,9593,1024.196267
Chart 1 sens.,Complete work-location sample,2019,31.98232384,4.187741027,23.77435142,40.19029625,HC1,4.187741027,,9435,1026.685953
Chart 1 sens.,Complete work-location sample,2020,131.6134641,4.521422728,122.7514755,140.4754526,HC1,4.521422728,,8782,1132.144022
Chart 1 sens.,Complete work-location sample,2021,113.8101596,4.391873222,105.202088,122.4182311,HC1,4.391873222,,9087,1112.327017
Chart 1 sens.,Complete work-location sample,2022,98.26498512,4.70665761,89.03993621,107.490034,HC1,4.70665761,,8136,1091.323278
Chart 1 sens.,Complete work-location sample,2023,100.2640701,4.519977808,91.4049136,109.1232266,HC1,4.519977808,,8548,1089.006216
Chart 1 sens.,Complete work-location sample,2024,93.07412306,4.809945711,83.64662946,102.5016166,HC1,4.809945711,,7669,1084.643445
Chart 1 sens.,Complete work-location sample,2025,94.70524331,5.321299145,84.27549698,105.1349896,HC1,5.321299145,,6145,1093.389813
Chart 2 sens.,Complete work-location sample,2003,0,,,,reference (0 by definition),,,18269,975.4030285
Chart 2 sens.,Complete work-location sample,2004,-2.126204582,3.531728317,-9.048392083,4.795982919,HC1,3.531728317,,11850,974.2822954
Chart 2 sens.,Complete work-location sample,2005,4.464381826,3.64216155,-2.674254811,11.60301846,HC1,3.64216155,,11284,976.9756385
Chart 2 sens.,Complete work-location sample,2006,0.8541974074,3.751974271,-6.499672164,8.208066979,HC1,3.751974271,,11193,974.1914408
Chart 2 sens.,Complete work-location sample,2007,1.867479826,3.836216151,-5.65150383,9.386463483,HC1,3.836216151,,10660,971.9413891
Chart 2 sens.,Complete work-location sample,2008,9.874169627,3.783382674,2.458739587,17.28959967,HC1,3.783382674,,10937,981.4350367
Chart 2 sens.,Complete work-location sample,2009,13.96039135,3.737234984,6.635410778,21.28537192,HC1,3.737234984,,11305,992.4676417
Chart 2 sens.,Complete work-location sample,2010,11.68664121,3.592246951,4.645837185,18.72744523,HC1,3.592246951,,12706,996.398364
Chart 2 sens.,Complete work-location sample,2011,10.41091608,3.63695064,3.282492825,17.53933933,HC1,3.63695064,,12479,997.337929
Chart 2 sens.,Complete work-location sample,2012,13.07633397,3.787987176,5.651879109,20.50078884,HC1,3.787987176,,12443,1001.354623
Chart 2 sens.,Complete work-location sample,2013,15.2634217,3.730106046,7.952413849,22.57442955,HC1,3.730106046,,11385,1003.052492
Chart 2 sens.,Complete work-location sample,2014,18.64678119,3.863903609,11.07353012,26.22003227,HC1,3.863903609,,11592,1005.553676
Chart 2 sens.,Complete work-location sample,2015,22.22406322,3.863517271,14.65156937,29.79655707,HC1,3.863517271,,10905,1007.171623
Chart 2 sens.,Complete work-location sample,2016,17.66746829,3.805839027,10.2080238,25.12691278,HC1,3.805839027,,10493,998.9989917
Chart 2 sens.,Complete work-location sample,2017,22.24561909,4.088185324,14.23277586,30.25846233,HC1,4.088185324,,10223,1004.512466
Chart 2 sens.,Complete work-location sample,2018,26.9905316,4.112761325,18.9295194,35.0515438,HC1,4.112761325,,9593,1006.38514
Chart 2 sens.,Complete work-location sample,2019,27.69224395,4.0589187,19.73676329,35.6477246,HC1,4.0589187,,9435,1006.614813
Chart 2 sens.,Complete work-location sample,2020,98.98767647,4.244946647,90.66758105,107.3077719,HC1,4.244946647,,8782,1083.859803
Chart 2 sens.,Complete work-location sample,2021,76.08993512,4.074577989,68.10376226,84.07610797,HC1,4.074577989,,9087,1058.654977
Chart 2 sens.,Complete work-location sample,2022,69.33241629,4.407783619,60.69316039,77.97167218,HC1,4.407783619,,8136,1045.237474
Chart 2 sens.,Complete work-location sample,2023,73.368188,4.241194668,65.05544645,81.68092954,HC1,4.241194668,,8548,1044.276803
Chart 2 sens.,Complete work-location sample,2024,69.52444475,4.542625,60.62089975,78.42798975,HC1,4.542625,,7669,1043.451835
Chart 2 sens.,Complete work-location sample,2025,69.49087714,4.9897686,59.71093068,79.27082359,HC1,4.9897686,,6145,1051.41237
Subgroup,Not employed respondents,2003,0,,,,reference (0 by definition),,,6322,1165.29275
Subgroup,Not employed respondents,2004,0.184755015,5.858460128,-11.29782684,11.66733687,HC1,5.858460128,,4221,1167.166997
Subgroup,Not employed respondents,2005,-0.8762064084,6.049898072,-12.73400663,10.98159381,HC1,6.049898072,,3844,1163.189181
Subgroup,Not employed respondents,2006,8.2665869,6.164431937,-3.815699696,20.3488735,HC1,6.164431937,,3913,1172.455356
Subgroup,Not employed respondents,2007,2.694348268,6.319212115,-9.691307477,15.08000401,HC1,6.319212115,,3667,1167.98519
Subgroup,Not employed respondents,2008,10.72388693,6.117638912,-1.26668534,22.7144592,HC1,6.117638912,,3772,1175.321648
Subgroup,Not employed respondents,2009,12.77833803,5.923081003,1.169099264,24.3875768,HC1,5.923081003,,4157,1173.977672
Subgroup,Not employed respondents,2010,18.73871129,5.72261514,7.522385612,29.95503696,HC1,5.72261514,,4961,1179.907532
Subgroup,Not employed respondents,2011,8.753761982,5.691136813,-2.400866172,19.90839014,HC1,5.691136813,,4991,1174.586506
Subgroup,Not employed respondents,2012,11.53775358,5.916155698,-0.05791158965,23.13341875,HC1,5.916155698,,4971,1174.284193
Subgroup,Not employed respondents,2013,16.38594873,6.095058369,4.439634327,28.33226313,HC1,6.095058369,,4561,1180.61201
Subgroup,Not employed respondents,2014,23.10738,5.858681618,11.62436403,34.59039597,HC1,5.858681618,,4630,1188.560514
Subgroup,Not employed respondents,2015,28.71389307,5.925221471,17.10045899,40.32732715,HC1,5.925221471,,4202,1192.239896
Subgroup,Not employed respondents,2016,14.76306213,5.918568945,3.162666996,26.36345726,HC1,5.918568945,,4119,1181.511944
Subgroup,Not employed respondents,2017,27.87498316,6.17332009,15.77527578,39.97469053,HC1,6.17332009,,4019,1191.569607
Subgroup,Not employed respondents,2018,29.02079589,6.235918751,16.79839514,41.24319664,HC1,6.235918751,,3791,1194.772005
Subgroup,Not employed respondents,2019,32.25581319,6.635705593,19.24983023,45.26179615,HC1,6.635705593,,3712,1195.835364
Subgroup,Not employed respondents,2020,109.4347913,6.181909946,97.31824785,121.5513348,HC1,6.181909946,,3727,1272.446549
Subgroup,Not employed respondents,2021,86.80069719,6.470357923,74.11879566,99.48259872,HC1,6.470357923,,3740,1248.892813
Subgroup,Not employed respondents,2022,67.83654912,6.950966946,54.21265391,81.46044434,HC1,6.950966946,,3351,1231.14268
Subgroup,Not employed respondents,2023,73.34340195,6.511604876,60.5806564,86.10614751,HC1,6.511604876,,3572,1236.712377
Subgroup,Not employed respondents,2024,59.3133062,7.16805035,45.26392752,73.36268489,HC1,7.16805035,,3275,1219.294217
Subgroup,Not employed respondents,2025,65.36053064,7.961766864,49.75546759,80.96559369,HC1,7.961766864,,2735,1224.644752
Subgroup,Employed respondents with no job work at home on the diary day,2003,0,,,,reference (0 by definition),,,10393,879.2019972
Subgroup,Employed respondents with no job work at home on the diary day,2004,-5.116201275,4.704024039,-14.33608839,4.103685842,HC1,4.704024039,,6598,874.6061528
Subgroup,Employed respondents with no job work at home on the diary day,2005,8.65913319,4.820048005,-0.7881608999,18.10642728,HC1,4.820048005,,6428,888.0709639
Subgroup,Employed respondents with no job work at home on the diary day,2006,-6.605683588,5.003191372,-16.41193868,3.200571501,HC1,5.003191372,,6215,874.2592885
Subgroup,Employed respondents with no job work at home on the diary day,2007,2.169789257,5.154954887,-7.933922321,12.27350084,HC1,5.154954887,,5947,877.7091966
Subgroup,Employed respondents with no job work at home on the diary day,2008,5.861197942,5.072679936,-4.081254733,15.80365062,HC1,5.072679936,,6133,882.8495614
Subgroup,Employed respondents with no job work at home on the diary day,2009,14.57966631,5.145881401,4.493738759,24.66559385,HC1,5.145881401,,5952,892.3585551
Subgroup,Employed respondents with no job work at home on the diary day,2010,7.868005391,4.943328341,-1.820918157,17.55692894,HC1,4.943328341,,6478,885.4439111
Subgroup,Employed respondents with no job work at home on the diary day,2011,12.35773268,5.017894188,2.52266007,22.19280529,HC1,5.017894188,,6358,890.5799118
Subgroup,Employed respondents with no job work at home on the diary day,2012,17.09917041,5.163787652,6.978146613,27.22019421,HC1,5.163787652,,6271,897.0024751
Subgroup,Employed respondents with no job work at home on the diary day,2013,14.77190462,5.072171987,4.830447527,24.71336171,HC1,5.072171987,,5721,892.3046089
Subgroup,Employed respondents with no job work at home on the diary day,2014,17.76318144,5.475127888,7.031930776,28.4944321,HC1,5.475127888,,5809,895.8683538
Subgroup,Employed respondents with no job work at home on the diary day,2015,20.12165961,5.58055219,9.183777322,31.05954191,HC1,5.58055219,,5548,899.2633198
Subgroup,Employed respondents with no job work at home on the diary day,2016,23.70495057,5.324864996,13.26821518,34.14168596,HC1,5.324864996,,5322,899.019746
Subgroup,Employed respondents with no job work at home on the diary day,2017,22.10715957,5.829308697,10.68171452,33.53260461,HC1,5.829308697,,5197,898.8043291
Subgroup,Employed respondents with no job work at home on the diary day,2018,26.97051156,5.896528096,15.41331649,38.52770663,HC1,5.896528096,,4802,902.2099502
Subgroup,Employed respondents with no job work at home on the diary day,2019,29.10108736,5.583424064,18.15757619,40.04459852,HC1,5.583424064,,4758,903.1073359
Subgroup,Employed respondents with no job work at home on the diary day,2020,95.23742316,6.641658698,82.21977211,108.2550742,HC1,6.641658698,,3856,976.1713747
Subgroup,Employed respondents with no job work at home on the diary day,2021,77.1603354,6.149187937,65.10792704,89.21274375,HC1,6.149187937,,4017,960.4879409
Subgroup,Employed respondents with no job work at home on the diary day,2022,74.70323685,6.511017712,61.94164214,87.46483157,HC1,6.511017712,,3687,952.9318463
Subgroup,Employed respondents with no job work at home on the diary day,2023,82.15393316,6.32646699,69.75405786,94.55380846,HC1,6.32646699,,3885,960.7492487
Subgroup,Employed respondents with no job work at home on the diary day,2024,76.78431722,6.788190215,63.4794644,90.08917004,HC1,6.788190215,,3476,954.4938125
Subgroup,Employed respondents with no job work at home on the diary day,2025,78.78617564,7.351934625,64.37638378,93.19596751,HC1,7.351934625,,2676,953.1576066
Chart 1 HC1,"Total time at home, HC1 intervals",2003,0,,,,reference (0 by definition),,,18269,988.1679913
Chart 1 HC1,"Total time at home, HC1 intervals",2004,-0.8987559567,3.626557574,-8.006808802,6.209296889,HC1,3.626557574,3.556101005,11850,988.3813295
Chart 1 HC1,"Total time at home, HC1 intervals",2005,4.460262444,3.727315779,-2.845276483,11.76580137,HC1,3.727315779,4.108296718,11284,990.3002693
Chart 1 HC1,"Total time at home, HC1 intervals",2006,2.767988173,3.886830468,-4.850199544,10.38617589,HC1,3.886830468,3.735924647,11193,989.5661722
Chart 1 HC1,"Total time at home, HC1 intervals",2007,3.557636908,3.956737944,-4.197569463,11.31284328,HC1,3.956737944,3.314769281,10660,987.608926
Chart 1 HC1,"Total time at home, HC1 intervals",2008,10.98031452,3.909364606,3.317959889,18.64266914,HC1,3.909364606,3.599988267,10937,996.7786656
Chart 1 HC1,"Total time at home, HC1 intervals",2009,19.12351664,3.874307024,11.52987487,26.71715841,HC1,3.874307024,3.661493898,11305,1011.060567
Chart 1 HC1,"Total time at home, HC1 intervals",2010,16.53110684,3.725767381,9.228602771,23.8336109,HC1,3.725767381,3.627273133,12706,1014.145947
Chart 1 HC1,"Total time at home, HC1 intervals",2011,13.22584295,3.736926313,5.901467372,20.55021852,HC1,3.736926313,3.725695209,12479,1012.940755
Chart 1 HC1,"Total time at home, HC1 intervals",2012,17.95594263,3.940285715,10.23298262,25.67890263,HC1,3.940285715,3.584601981,12443,1018.911731
Chart 1 HC1,"Total time at home, HC1 intervals",2013,19.12862544,3.849386034,11.58382882,26.67342207,HC1,3.849386034,4.008782205,11385,1020.160272
Chart 1 HC1,"Total time at home, HC1 intervals",2014,23.88593847,3.961824932,16.12076161,31.65111534,HC1,3.961824932,4.079419949,11592,1024.007499
Chart 1 HC1,"Total time at home, HC1 intervals",2015,28.02703295,3.995594989,20.19566677,35.85839913,HC1,3.995594989,4.018164551,10905,1026.793549
Chart 1 HC1,"Total time at home, HC1 intervals",2016,21.26434047,3.934174008,13.55335942,28.97532153,HC1,3.934174008,3.490675339,10493,1017.292471
Chart 1 HC1,"Total time at home, HC1 intervals",2017,25.75665687,4.234032637,17.4579529,34.05536084,HC1,4.234032637,4.177072119,10223,1022.919534
Chart 1 HC1,"Total time at home, HC1 intervals",2018,29.34623358,4.224863345,21.06550142,37.62696574,HC1,4.224863345,4.056292746,9593,1024.196267
Chart 1 HC1,"Total time at home, HC1 intervals",2019,31.9821506,4.187742451,23.7741754,40.19012581,HC1,4.187742451,4.038903436,9435,1026.685953
Chart 1 HC1,"Total time at home, HC1 intervals",2020,131.6136199,4.521424532,122.7516278,140.475612,HC1,4.521424532,4.037862416,8782,1132.144022
Chart 1 HC1,"Total time at home, HC1 intervals",2021,113.8101611,4.391868692,105.2020985,122.4182238,HC1,4.391868692,3.952218944,9087,1112.327017
Chart 1 HC1,"Total time at home, HC1 intervals",2022,98.26499269,4.706656761,89.03994544,107.4900399,HC1,4.706656761,4.601358908,8136,1091.323278
Chart 1 HC1,"Total time at home, HC1 intervals",2023,100.2644234,4.519978611,91.40526534,109.1235815,HC1,4.519978611,4.428064904,8548,1089.006216
Chart 1 HC1,"Total time at home, HC1 intervals",2024,93.07448509,4.809940991,83.64700074,102.5019694,HC1,4.809940991,4.30011055,7669,1084.643445
Chart 1 HC1,"Total time at home, HC1 intervals",2025,94.68355777,5.320810538,84.25476911,105.1123464,HC1,5.320810538,4.945532385,6146,1093.355131
Chart 2 HC1,"Excluding job work at home, HC1 intervals",2003,0,,,,reference (0 by definition),,,18269,975.4030285
Chart 2 HC1,"Excluding job work at home, HC1 intervals",2004,-2.126387174,3.53172657,-9.048571252,4.795796903,HC1,3.53172657,3.452565668,11850,974.2822954
Chart 2 HC1,"Excluding job work at home, HC1 intervals",2005,4.464201838,3.64216027,-2.674432292,11.60283597,HC1,3.64216027,4.036225922,11284,976.9756385
Chart 2 HC1,"Excluding job work at home, HC1 intervals",2006,0.8541190084,3.751972942,-6.499747958,8.207985975,HC1,3.751972942,3.588888154,11193,974.1914408
Chart 2 HC1,"Excluding job work at home, HC1 intervals",2007,1.867387405,3.836218146,-5.651600162,9.386374972,HC1,3.836218146,3.108998514,10660,971.9413891
Chart 2 HC1,"Excluding job work at home, HC1 intervals",2008,9.874041439,3.783381565,2.458613571,17.28946931,HC1,3.783381565,3.573412106,10937,981.4350367
Chart 2 HC1,"Excluding job work at home, HC1 intervals",2009,13.9602179,3.737233907,6.635239445,21.28519636,HC1,3.737233907,3.489060529,11305,992.4676417
Chart 2 HC1,"Excluding job work at home, HC1 intervals",2010,11.68634747,3.592244424,4.6455484,18.72714654,HC1,3.592244424,3.538404399,12706,996.398364
Chart 2 HC1,"Excluding job work at home, HC1 intervals",2011,10.41052369,3.636950565,3.282100578,17.53894679,HC1,3.636950565,3.553357617,12479,997.337929
Chart 2 HC1,"Excluding job work at home, HC1 intervals",2012,13.07613504,3.787983665,5.65168706,20.50058303,HC1,3.787983665,3.310004202,12443,1001.354623
Chart 2 HC1,"Excluding job work at home, HC1 intervals",2013,15.2630896,3.730105193,7.952083423,22.57409578,HC1,3.730105193,3.887851422,11385,1003.052492
Chart 2 HC1,"Excluding job work at home, HC1 intervals",2014,18.64666514,3.863902711,11.07341583,26.21991446,HC1,3.863902711,3.982920268,11592,1005.553676
Chart 2 HC1,"Excluding job work at home, HC1 intervals",2015,22.22371984,3.86351438,14.65123166,29.79620803,HC1,3.86351438,3.835736846,10905,1007.171623
Chart 2 HC1,"Excluding job work at home, HC1 intervals",2016,17.66723169,3.80583823,10.20778876,25.12667462,HC1,3.80583823,3.376427589,10493,998.9989917
Chart 2 HC1,"Excluding job work at home, HC1 intervals",2017,22.24547658,4.088182761,14.23263837,30.25831479,HC1,4.088182761,3.94658868,10223,1004.512466
Chart 2 HC1,"Excluding job work at home, HC1 intervals",2018,26.99050689,4.112762008,18.92949336,35.05152043,HC1,4.112762008,4.063558436,9593,1006.38514
Chart 2 HC1,"Excluding job work at home, HC1 intervals",2019,27.69210652,4.058919749,19.73662381,35.64758923,HC1,4.058919749,4.107473089,9435,1006.614813
Chart 2 HC1,"Excluding job work at home, HC1 intervals",2020,98.98780008,4.244948508,90.667701,107.3078992,HC1,4.244948508,3.958087673,8782,1083.859803
Chart 2 HC1,"Excluding job work at home, HC1 intervals",2021,76.08993637,4.074574854,68.10376966,84.07610309,HC1,4.074574854,3.70097469,9087,1058.654977
Chart 2 HC1,"Excluding job work at home, HC1 intervals",2022,69.33242229,4.407783461,60.69316671,77.97167787,HC1,4.407783461,4.182524414,8136,1045.237474
Chart 2 HC1,"Excluding job work at home, HC1 intervals",2023,73.36846828,4.241195797,65.05572451,81.68121204,HC1,4.241195797,4.156165768,8548,1044.276803
Chart 2 HC1,"Excluding job work at home, HC1 intervals",2024,69.52473194,4.542621536,60.62119373,78.42827015,HC1,4.542621536,4.01740637,7669,1043.451835
Chart 2 HC1,"Excluding job work at home, HC1 intervals",2025,69.47367413,4.98930819,59.69463007,79.25271818,HC1,4.98930819,4.410496732,6146,1051.383433
Chart 3 HC1,"Work-pattern adjusted, HC1 intervals",2003,0,,,,reference (0 by definition),,,18269,988.1679913
Chart 3 HC1,"Work-pattern adjusted, HC1 intervals",2004,-0.9068944614,2.977610038,-6.743010135,4.929221212,HC1,2.977610038,2.88375327,11850,988.3813295
Chart 3 HC1,"Work-pattern adjusted, HC1 intervals",2005,4.044512135,3.024340528,-1.8831953,9.972219569,HC1,3.024340528,3.182226989,11284,990.3002693
Chart 3 HC1,"Work-pattern adjusted, HC1 intervals",2006,2.872772652,3.119492431,-3.241432514,8.986977817,HC1,3.119492431,3.152759597,11193,989.5661722
Chart 3 HC1,"Work-pattern adjusted, HC1 intervals",2007,4.376552869,3.194800041,-1.885255211,10.63836095,HC1,3.194800041,2.913300565,10660,987.608926
Chart 3 HC1,"Work-pattern adjusted, HC1 intervals",2008,10.59713258,3.143232714,4.436396465,16.7578687,HC1,3.143232714,2.971869262,10937,996.7786656
Chart 3 HC1,"Work-pattern adjusted, HC1 intervals",2009,10.24027386,3.110447652,4.143796466,16.33675126,HC1,3.110447652,3.222495074,11305,1011.060567
Chart 3 HC1,"Work-pattern adjusted, HC1 intervals",2010,9.548877481,3.034050597,3.60213831,15.49561665,HC1,3.034050597,3.235101371,12706,1014.145947
Chart 3 HC1,"Work-pattern adjusted, HC1 intervals",2011,10.37869716,3.059942603,4.381209662,16.37618467,HC1,3.059942603,3.128445815,12479,1012.940755
Chart 3 HC1,"Work-pattern adjusted, HC1 intervals",2012,13.10392755,3.144558576,6.94059274,19.26726236,HC1,3.144558576,2.753889433,12443,1018.911731
Chart 3 HC1,"Work-pattern adjusted, HC1 intervals",2013,13.37357218,3.204671083,7.092416861,19.6547275,HC1,3.204671083,3.270103383,11385,1020.160272
Chart 3 HC1,"Work-pattern adjusted, HC1 intervals",2014,20.71940526,3.119186082,14.60580054,26.83300998,HC1,3.119186082,3.281865782,11592,1024.007499
Chart 3 HC1,"Work-pattern adjusted, HC1 intervals",2015,20.17633486,3.267557027,13.77192308,26.58074663,HC1,3.267557027,3.120792517,10905,1026.793549
Chart 3 HC1,"Work-pattern adjusted, HC1 intervals",2016,17.50302623,3.171333409,11.28721275,23.71883971,HC1,3.171333409,2.904462196,10493,1017.292471
Chart 3 HC1,"Work-pattern adjusted, HC1 intervals",2017,20.65772448,3.359995305,14.07213368,27.24331528,HC1,3.359995305,3.403609601,10223,1022.919534
Chart 3 HC1,"Work-pattern adjusted, HC1 intervals",2018,23.11765457,3.414164168,16.4258928,29.80941634,HC1,3.414164168,3.391633487,9593,1024.196267
Chart 3 HC1,"Work-pattern adjusted, HC1 intervals",2019,25.09110427,3.408856897,18.40974475,31.77246379,HC1,3.408856897,3.439393435,9435,1026.685953
Chart 3 HC1,"Work-pattern adjusted, HC1 intervals",2020,89.49065182,3.401551329,82.82361121,96.15769242,HC1,3.401551329,3.254694955,8782,1132.144022
Chart 3 HC1,"Work-pattern adjusted, HC1 intervals",2021,71.0575443,3.345823581,64.49973008,77.61535852,HC1,3.345823581,3.036586501,9087,1112.327017
Chart 3 HC1,"Work-pattern adjusted, HC1 intervals",2022,60.66543122,3.598843734,53.6116975,67.71916494,HC1,3.598843734,3.513443148,8136,1091.323278
Chart 3 HC1,"Work-pattern adjusted, HC1 intervals",2023,63.66951265,3.424309054,56.95786691,70.3811584,HC1,3.424309054,3.275734397,8548,1089.006216
Chart 3 HC1,"Work-pattern adjusted, HC1 intervals",2024,57.52159376,3.679001186,50.31075143,64.73243608,HC1,3.679001186,3.37816903,7669,1084.643445
Chart 3 HC1,"Work-pattern adjusted, HC1 intervals",2025,59.28401348,4.185034198,51.08134645,67.48668051,HC1,4.185034198,3.901111688,6146,1093.355131
