reference_pattern_mix,year,contrast_vs_2003,se_hc1,n_Away only,n_Home only,n_Both home and away
2003,2004,-0.9204418231,2.977234988,3336,575,469
2003,2005,3.908816192,3.031950763,3238,568,453
2003,2006,2.657136227,3.136994039,3186,592,482
2003,2007,4.178870748,3.228818932,3122,614,437
2003,2008,10.26402942,3.157578225,3097,604,438
2003,2009,10.3867648,3.097665805,2985,722,498
2003,2010,9.56226762,3.004633304,3300,743,548
2003,2011,10.77301077,3.015835675,3298,679,474
2003,2012,13.34919338,3.09280724,3121,661,553
2003,2013,13.74048313,3.147870263,2890,642,475
2003,2014,20.71637884,3.075263572,2929,657,508
2003,2015,20.36414519,3.219299643,2740,697,469
2003,2016,18.03079426,3.151205847,2694,607,459
2003,2017,20.63999085,3.330606633,2579,556,455
2003,2018,23.079612,3.369871451,2335,608,401
2003,2019,25.01879353,3.386976862,2290,593,383
2003,2020,84.7375078,3.371951827,1629,928,280
2003,2021,68.61432082,3.32652863,1746,1021,325
2003,2022,59.06419047,3.584155608,1630,847,263
2003,2023,63.1379085,3.424088456,1671,792,310
2003,2024,56.98608292,3.645216024,1483,688,234
2003,2025,59.03431588,4.053258233,1150,549,195
2019,2004,-0.9680346434,3.033923996,3336,575,469
2019,2005,3.554408963,3.095427267,3238,568,453
2019,2006,2.90254475,3.193702352,3186,592,482
2019,2007,3.897713899,3.285942776,3122,614,437
2019,2008,10.49619601,3.209237318,3097,604,438
2019,2009,10.32078795,3.140966361,2985,722,498
2019,2010,9.713852306,3.046713901,3300,743,548
2019,2011,10.57877225,3.068465395,3298,679,474
2019,2012,13.47430992,3.153966816,3121,661,553
2019,2013,13.67913734,3.195606742,2890,642,475
2019,2014,20.88358902,3.126714455,2929,657,508
2019,2015,20.33799881,3.270894502,2740,697,469
2019,2016,17.51854413,3.189662873,2694,607,459
2019,2017,20.81378693,3.363453748,2579,556,455
2019,2018,23.26121788,3.42418526,2335,608,401
2019,2019,25.26678358,3.430667655,2290,593,383
2019,2020,86.15862261,3.386898745,1629,928,280
2019,2021,69.51761068,3.355694882,1746,1021,325
2019,2022,59.77798564,3.613136483,1630,847,263
2019,2023,63.62184159,3.448385014,1671,792,310
2019,2024,57.33996011,3.672632371,1483,688,234
2019,2025,59.1962605,4.097776716,1150,549,195
